Publish Date,Content Title,Content Type,Primary Keyword,Intent,Word Count Target,Status,URL
2026-08-24,How to Import Thai Sugar: ICUMSA Grades Explained,Pillar Guide,import Thai sugar wholesale,Informational,2000,Published,/guides/how-to-import-thai-sugar
2026-08-31,FOB vs CIF for Agricultural Commodity Imports,Comparison Guide,FOB vs CIF agricultural commodities,Informational,1500,Published,/guides/fob-vs-cif-agricultural-commodities
2026-09-07,Thailand Rice Export Market Overview,Statistics/Trust,Thailand rice exporter wholesale,Informational,1800,Published,/guides/thailand-rice-export-overview
2026-09-14,ICUMSA 45 vs ICUMSA 150: Which Sugar Grade Do You Need?,Comparison,ICUMSA 45 vs 150,Informational,1200,Planned,/guides/icumsa-45-vs-150
2026-09-21,Complete Guide to NPK Fertilizer Import from Thailand,Pillar Guide,NPK fertilizer supplier Thailand,Informational,2500,Planned,/guides/npk-fertilizer-import-guide
2026-09-28,Edible Cooking Oil Export: Specifications and Packaging,Commercial Guide,edible cooking oil exporter Thailand,Commercial,1500,Planned,/guides/cooking-oil-export-specifications
2026-10-05,Export Documentation Checklist for Agricultural Commodities,FAQ/Guide,sugar export documentation COA,Informational,1200,Planned,/guides/export-documentation-checklist
2026-10-12,How to Verify Sugar Quality Before Import,HowTo,sugar quality COA verification,Informational,1000,Planned,/guides/sugar-quality-verification
2026-10-19,Thailand Sugar Export Statistics 2026,Statistics Page,Thailand sugar export statistics,Informational,1500,Planned,/guides/thailand-sugar-export-statistics
2026-10-26,Parboiled vs Jasmine Rice: Buyer's Comparison,Comparison,parboiled vs jasmine rice,Informational,1200,Planned,/guides/parboiled-vs-jasmine-rice
2026-11-02,Letter of Credit vs Telegraphic Transfer for Commodity Imports,Comparison,LC vs TT commodity import,Informational,1000,Planned,/guides/lc-vs-tt-payment
2026-11-09,Sustainable Sourcing in Thai Agriculture: What Buyers Should Know,Trust/E-E-A-T,sustainable sugar sourcing Thailand,Informational,1500,Planned,/guides/sustainable-sourcing-thailand
2026-11-16,Container Load Quantities for Sugar and Rice Export,Commercial,bulk sugar FCL container,Commercial,800,Planned,/guides/container-load-quantities
